{
  "pattern_only": {
    "tp": 61,
    "fp": 101,
    "fn": 12,
    "precision": 0.3765432098765432,
    "recall": 0.8356164383561644,
    "f1": 0.5191489361702127
  },
  "ml_enabled": {
    "tp": 61,
    "fp": 104,
    "fn": 12,
    "precision": 0.3696969696969697,
    "recall": 0.8356164383561644,
    "f1": 0.5126050420168068
  },
  "taint_enabled": {
    "tp": 61,
    "fp": 101,
    "fn": 12,
    "precision": 0.3765432098765432,
    "recall": 0.8356164383561644,
    "f1": 0.5191489361702127
  },
  "ensemble": {
    "tp": 61,
    "fp": 104,
    "fn": 12,
    "precision": 0.3696969696969697,
    "recall": 0.8356164383561644,
    "f1": 0.5126050420168068
  }
}